{"cameraMode":{"drawMode":0,"name":"Shaded","section":"Shading Mode"},"sceneLighting":true,"audioPlay":false,"sceneViewState":{"m_AlwaysRefresh":false,"showFog":true,"showSkybox":true,"showFlares":true,"showImageEffects":true,"showParticleSystems":true,"showVisualEffectGraphs":true,"m_FxEnabled":true},"in2DMode":false,"pivot":{"x":-2.796499252319336,"y":2.251546859741211,"z":8.484088897705079},"rotation":{"x":0.1960850954055786,"y":0.07815472781658173,"z":-0.015681317076086999,"w":0.9773485064506531},"size":13.452986717224121,"orthographic":true}