{"cameraMode":{"drawMode":0,"name":"Shaded","section":"Shading Mode"},"sceneLighting":true,"audioPlay":false,"sceneViewState":{"m_AlwaysRefresh":false,"showFog":true,"showSkybox":true,"showFlares":true,"showImageEffects":true,"showParticleSystems":true,"showVisualEffectGraphs":true,"m_FxEnabled":true},"in2DMode":false,"pivot":{"x":-292.0774841308594,"y":520.5258178710938,"z":-25.262420654296876},"rotation":{"x":-0.004498528316617012,"y":-0.02549678646028042,"z":-0.00011475855717435479,"w":0.999666690826416},"size":542.7444458007813,"orthographic":true}