{"cameraMode":{"drawMode":0,"name":"Shaded","section":"Shading Mode"},"sceneLighting":true,"audioPlay":false,"sceneViewState":{"m_AlwaysRefresh":false,"showFog":true,"showSkybox":true,"showFlares":true,"showImageEffects":true,"showParticleSystems":true,"showVisualEffectGraphs":true,"m_FxEnabled":true},"in2DMode":false,"pivot":{"x":-1.133409857749939,"y":1.0040562152862549,"z":8.340201377868653},"rotation":{"x":0.01049881149083376,"y":0.014999110251665116,"z":-0.00016059528570622206,"w":0.9998266696929932},"size":4.309596538543701,"orthographic":true}