{"cameraMode":{"drawMode":0,"name":"Shaded","section":"Shading Mode"},"sceneLighting":true,"audioPlay":false,"sceneViewState":{"m_AlwaysRefresh":false,"showFog":true,"showSkybox":true,"showFlares":true,"showImageEffects":true,"showParticleSystems":true,"showVisualEffectGraphs":true,"m_FxEnabled":true},"in2DMode":false,"pivot":{"x":87.66569519042969,"y":-66.73384857177735,"z":26.807945251464845},"rotation":{"x":-0.004187553655356169,"y":-0.0371808260679245,"z":-0.00015636357420589775,"w":0.9993024468421936},"size":7.728054046630859,"orthographic":true}